<?xml version="1.0" encoding="UTF-8"?>
<?mso-application progid="Excel.Sheet"?>
<Workbook xmlns="urn:schemas-microsoft-com:office:spreadsheet"
xmlns:o="urn:schemas-microsoft-com:office:office"
xmlns:x="urn:schemas-microsoft-com:office:excel"
xmlns:ss="urn:schemas-microsoft-com:office:spreadsheet"
xmlns:html="http://www.w3.org/TR/REC-html40">
<Worksheet ss:Name="Table1">
	<Table>
		<Column ss:Index="2" ss:AutoFitWidth="0" ss:Width="110"/>
		<Column ss:Index="3" ss:AutoFitWidth="0" ss:Width="110"/>
		<Column ss:Index="4" ss:AutoFitWidth="0" ss:Width="110"/>
		<Row>
			<Cell><Data ss:Type="String">Codigo</Data></Cell>
			<Cell><Data ss:Type="String">Titulo</Data></Cell>
			<Cell><Data ss:Type="String">Artista</Data></Cell>
			<Cell><Data ss:Type="String">Genero</Data></Cell>
		</Row>

		<Row>
			<Cell><Data ss:Type="Number">1002</Data></Cell>
			<Cell><Data ss:Type="String">Covenant</Data></Cell>
			<Cell><Data ss:Type="String">Sleeping Giant</Data></Cell>
			<Cell><Data ss:Type="String">Hardcore</Data></Cell>
		</Row>	</Table>
</Worksheet>
</Workbook>
