<?xml version="1.0" encoding="UTF-8"?>
<?mso-application progid="Excel.Sheet"?>
<Workbook xmlns="urn:schemas-microsoft-com:office:spreadsheet"
xmlns:o="urn:schemas-microsoft-com:office:office"
xmlns:x="urn:schemas-microsoft-com:office:excel"
xmlns:ss="urn:schemas-microsoft-com:office:spreadsheet"
xmlns:html="http://www.w3.org/TR/REC-html40">
<Worksheet ss:Name="Table1">
	<Table>
		<Column ss:Index="1" ss:AutoFitWidth="0" ss:Width="110"/>
		<Column ss:Index="2" ss:AutoFitWidth="0" ss:Width="110"/>
		<Row>
			<Cell><Data ss:Type="String">Genero</Data></Cell>
			<Cell><Data ss:Type="String">Titulo</Data></Cell>
		</Row>

		<Row>
			<Cell><Data ss:Type="String">Pagode</Data></Cell>
			<Cell><Data ss:Type="String">Ser Humano</Data></Cell>
		</Row>
		<Row>
			<Cell><Data ss:Type="String">Hardcore</Data></Cell>
			<Cell><Data ss:Type="String">Covenant</Data></Cell>
		</Row>
		<Row>
			<Cell><Data ss:Type="String">Pop</Data></Cell>
			<Cell><Data ss:Type="String">Devagarinho</Data></Cell>
		</Row>
		<Row>
			<Cell><Data ss:Type="String">POP</Data></Cell>
			<Cell><Data ss:Type="String">Pesadão</Data></Cell>
		</Row>
		<Row>
			<Cell><Data ss:Type="String">Hardcore</Data></Cell>
			<Cell><Data ss:Type="String">Clutches</Data></Cell>
		</Row>
		<Row>
			<Cell><Data ss:Type="String">RAP</Data></Cell>
			<Cell><Data ss:Type="String">See you Again</Data></Cell>
		</Row>
		<Row>
			<Cell><Data ss:Type="String">Funk</Data></Cell>
			<Cell><Data ss:Type="String">Arebunda</Data></Cell>
		</Row>	</Table>
</Worksheet>
</Workbook>
